Produto,Cod. Produto,Ds. Cor,Ds. Tam,226 - UK - RECIFE - 226,238 - UK - RECIFE 2 - 238,240 - UK - RECIFE 3 - 240,242 - UK - RECIFE 4 - 242
BOLSA COURO 61107 I26,54971,VINHO,U,4.0,2.0,0.0,1.0
BOLSA COURO 61107 V26,53025,BEGE,U,2.0,0.0,1.0,3.0
BOLSA COURO 61300 I26,54960,MILITAR,U,4.0,2.0,3.0,1.0
BOLSA COURO 61379 V26,52921,BEGE,U,4.0,0.0,1.0,1.0
BOLSA COURO 61379 V26,52922,MARROM,U,4.0,0.0,1.0,1.0
BOLSA COURO 61386 V26,52821,BEGE,U,2.0,2.0,3.0,0.0
BOLSA COURO 61401 V26,53033,PRETO,U,3.0,0.0,1.0,0.0
BOLSA COURO 61430 I26,54961,PRETO,U,3.0,2.0,1.0,1.0
BOLSA COURO 61430 I26,54962,CARAMELO,U,3.0,2.0,1.0,1.0
BOLSA KING RUBBER 61233 V26,53975,PRETO,U,3.0,2.0,1.0,1.0
BOLSA NY BNT 61040 V26,53938,PRETO,U,0.0,3.0,0.0,1.0
BOLSA NY SATIN 61284 I25,51854,PRETO,U,3.0,3.0,1.0,3.0
BOLSA NY SATIN 61286 I26,54973,VINHO,U,3.0,1.0,1.0,2.0
BOLSA NY SATIN 61286 I26,54975,AREIA,U,3.0,1.0,2.0,0.0
BOLSA NY SATIN 61286 I26,54976,PRETO,U,3.0,1.0,1.0,1.0
BOLSA NY SATIN 61370 V26,53037,PRETO,U,0.0,3.0,3.0,2.0
BOLSA NY SATIN 61371 V26,53041,OFF WHITE,U,1.0,0.0,0.0,3.0
BOLSA NY SOFT 61352 V26,53997,PRETO,U,4.0,0.0,0.0,1.0
BOLSA NY SOFT 61407 V26,54144,PRETO,U,4.0,1.0,0.0,2.0
BOLSA NY SOFT 61407 V26,54145,CAQUI,U,3.0,1.0,0.0,0.0
BOLSA NYLON 61282 V26,53007,PRETO,U,2.0,3.0,0.0,1.0
CARTEIRA COURO 70499 V26,53054,VERMELHO,U,0.0,3.0,1.0,0.0
CARTEIRA SINTETICO 70533 I25,52731,PRETO,U,0.0,3.0,0.0,0.0
CARTEIRA SINTETICO 70533 I25,52732,VERDE,U,2.0,3.0,0.0,0.0
COLAR CORDA/CRISTAL CV26A,52810,AZUL/VERDE,U,1.0,3.0,1.0,1.0
COLAR CORDA/CRISTAL CV26A,52811,PTO/BRANCO,U,4.0,5.0,0.0,1.0
COLAR METAL CI25L,52681,PRATA VELHA,U,0.0,0.0,3.0,5.0
COLAR METAL CV26H,52904,VERDE,U,3.0,1.0,0.0,2.0
COLAR METAL CV26H,52905,AZUL,U,0.0,0.0,0.0,3.0
COLAR RESINA CI26A,54894,VERDE,U,3.0,2.0,1.0,2.0
COLAR RESINA CV26B,52813,LARANJA,U,3.0,2.0,3.0,0.0
DOLEIRA NY SATIN 70578 I26,54882,PRETO,U,5.0,2.0,3.0,1.0
GARRAFA ALUMINIO ACQUA V25,50051,PRETO,U,2.0,3.0,0.0,0.0
GUARDA CHUVA POLIESTER GOMOS P,51792,VERDE,U,0.0,5.0,3.0,5.0
GUARDA CHUVA POLIESTER GOMOS P,51793,MARROM,U,1.0,5.0,2.0,5.0
GUARDA CHUVA POLIESTER GOMOS P,51795,MARINHO,U,0.0,6.0,3.0,5.0
GUARDA CHUVA POLIESTER GOMOS P,51796,ROXO,U,0.0,5.0,2.0,6.0
MOCHILA COURO 61064 I25,52319,VERDE,U,1.0,0.0,4.0,0.0
MOCHILA KING RUBBER 61047 V26,54021,MARROM,U,0.0,3.0,0.0,0.0
MOCHILA NY BNT 61151 V26,54016,PRETO,U,1.0,3.0,1.0,0.0
MOCHILA NY BNT BIG BUK V26,54051,PRETO,U,1.0,3.0,4.0,4.0
MOCHILA NY BNT BUK V26,54046,PRETO,U,0.0,4.0,3.0,2.0
MOCHILA NY BNT BUK V26,54048,CAQUI,U,0.0,3.0,0.0,3.0
MOCHILA NY BNT BUK V26,54049,MARROM,U,0.0,3.0,1.0,2.0
MOCHILA NY SOFT 61405 V26,54154,PRETO,U,7.0,4.0,3.0,1.0
MOCHILA NY SOFT 61406 V26,54156,PRETO,U,6.0,2.0,3.0,0.0
MOCHILA NY TWILL 61151 I25,51931,VERDE,U,3.0,1.0,1.0,2.0
MOCHILA NYLON BNT BUK V25,50349,PRETO,U,0.0,3.0,0.0,2.0
MOCHILA NYLON BNT BUK V25,50350,CAQUI,U,1.0,3.0,0.0,3.0
NECESSAIRE COURO 70419 V26,52966,PRETO,U,3.0,0.0,0.0,0.0
NECESSAIRE COURO 70419 V26,52969,AZUL,U,3.0,0.0,0.0,0.0
NECESSAIRE CRISTAL/ESTAMPA 70600 V26,53128,PRETO,U,3.0,0.0,0.0,0.0
NECESSAIRE SINTETICO 70266 V25,51390,PRETO,U,0.0,3.0,1.0,0.0
NECESSAIRE SINTETICO 70266 V25,51391,PRATA,U,0.0,4.0,1.0,0.0
NECESSAIRE SINTETICO 70615 I26,55015,VINHO,U,3.0,2.0,2.0,1.0
ORGANIZADOR NY SATIN 70559 I26,55009,VINHO,U,4.0,2.0,1.0,2.0
ORGANIZADOR NY SATIN 70559 I26,55010,VERDE,U,3.0,2.0,1.0,1.0
PAPETE CAMURCA BRICK I26,54528,BEGE,36,3.0,2.0,2.0,0.0
PAPETE CAMURCA BRICK I26,54529,BEGE,37,2.0,1.0,3.0,0.0
PAPETE CAMURCA BRICK I26,54535,CAQUI,37,3.0,0.0,0.0,3.0
PAPETE CAMURCA VEG BOHO I26,54540,CARAMELO,36,3.0,3.0,0.0,2.0
PAPETE CAMURCA VEG BOHO I26,54541,CARAMELO,37,3.0,3.0,0.0,3.0
PAPETE CAMURCA VEG BOHO I26,54546,MARROM,36,3.0,3.0,0.0,3.0
PAPETE CAMURCA VEG BOHO I26,54547,MARROM,37,3.0,3.0,0.0,2.0
PAPETE COURO FIGARO V26,53198,CHARUTO,35,4.0,0.0,0.0,2.0
PAPETE ELASTICO LAND I26,54395,CARAMELO,36,3.0,3.0,1.0,2.0
PAPETE ELASTICO LAND I26,54401,MILITAR,36,3.0,2.0,3.0,1.0
PAPETE ELASTICO LAND I26,54402,MILITAR,37,2.0,3.0,1.0,3.0
PLATAFORMA CAMURCA VEG VELEZ I26,54420,AREIA,36,0.0,3.0,2.0,0.0
PLATAFORMA CAMURCA VEG VELEZ I26,54421,AREIA,37,0.0,2.0,3.0,0.0
PLATAFORMA CAMURCA VEG VELEZ I26,54428,CARAMELO,36,3.0,0.0,0.0,2.0
PLATAFORMA CAMURCA VEG VELEZ I26,54429,CARAMELO,37,3.0,0.0,0.0,3.0
PLATAFORMA CAMURCA VEG VELEZ I26,54437,VINHO,37,3.0,3.0,1.0,2.0
PLATAFORMA NOBUCK VEG MARIANA V26,53391,CARAMELO,37,2.0,3.0,0.0,0.0
POCHETE NY SATIN 70359 I26,54884,VERDE,U,2.0,1.0,4.0,1.0
PORTA CELULAR NY SATIN 70564 I26,54872,VERDE,U,2.0,1.0,3.0,1.0
PORTA DOC COURO 70351 V26,53890,MARROM,U,0.0,0.0,3.0,1.0
PORTA PASSAPORTE COURO 70350 V26,52792,MARROM,U,0.0,0.0,3.0,1.0
RASTEIRA COURO GOLDEN V25,50110,OFF WHITE,34,0.0,3.0,0.0,0.0
RASTEIRA COURO GOLDEN V25,50331,PRETO,34,0.0,4.0,0.0,0.0
RASTEIRA COURO GOLDEN V26,53153,PRETO,35,0.0,3.0,0.0,0.0
RASTEIRA COURO GOLDEN V26,53160,GELO,35,3.0,0.0,0.0,0.0
RASTEIRA COURO RIVER V26,53708,OFF WHITE,36,3.0,3.0,0.0,0.0
RASTEIRA COURO RIVER V26,53715,PRATA,36,2.0,1.0,3.0,1.0
RASTEIRA COURO RIVER V26,53722,VERMELHO,36,2.0,0.0,0.0,3.0
RASTEIRA COURO RIVER V26,53723,VERMELHO,37,3.0,0.0,0.0,2.0
RASTEIRA NAPA VEG FISHY I26,54552,CARAMELO,36,2.0,3.0,0.0,2.0
RASTEIRA NAPA VEG FISHY I26,54553,CARAMELO,37,3.0,2.0,0.0,3.0
RASTEIRA NAPA VEG FISHY I26,54558,PRETO,36,3.0,2.0,0.0,3.0
RASTEIRA NAPA VEG FISHY I26,54559,PRETO,37,3.0,3.0,0.0,2.0
RASTEIRA NAPA VEG IKEBANA I26,54368,CARAMELO,37,2.0,1.0,1.0,3.0
RASTEIRA NAPA VEG IKEBANA I26,54373,MILITAR,36,2.0,1.0,3.0,3.0
RASTEIRA NAPA VEG QUINTA V26,53788,CAR/LAR/AMARE,35,3.0,0.0,0.0,0.0
RASTEIRA NAPA VEG WOOD V26,53509,BEGE,38,2.0,0.0,3.0,0.0
RASTEIRA NOBUCK VEG OASIS V26,53520,CARAMELO,35,0.0,3.0,1.0,1.0
RASTEIRA NOBUCK VEG OASIS V26,53528,MARINHO,36,0.0,1.0,3.0,0.0
RASTEIRA NOBUCK VEG SPIDER I26,54388,VINHO,36,2.0,3.0,1.0,1.0
RASTEIRA VEGGIE SPRING V26,53837,AMARE/AZ/VERM,37,2.0,0.0,0.0,3.0
RASTEIRA VEGGIE SPRING V26,53843,BEGE/CARAM,36,1.0,3.0,0.0,0.0
RASTEIRA VEGGIE SPRING V26,53850,PTO/MARROM,36,1.0,3.0,0.0,1.0
SANDALIA COURO RIFT I26,54494,PRETO,37,2.0,1.0,3.0,3.0
SANDALIA COURO RIFT I26,54501,MILITAR,37,2.0,3.0,2.0,1.0
SANDALIA COURO TOTIS I26,54515,CARAMELO,37,2.0,1.0,3.0,1.0
SANDALIA NEOPRENE MEDUSA I26,54564,CAFE,35,1.0,3.0,2.0,1.0
SANDALIA NEOPRENE MEDUSA I26,54565,CAFE,36,3.0,1.0,2.0,2.0
SANDALIA NEOPRENE MEDUSA I26,54567,CAFE,38,1.0,3.0,1.0,2.0
SANDALIA NEOPRENE MEDUSA I26,54572,CHARUTO,35,2.0,3.0,1.0,2.0
SANDALIA NEOPRENE MEDUSA I26,54575,CHARUTO,38,2.0,3.0,2.0,1.0
SANDALIA NEOPRENE TRIANON I26,54583,OFF WHITE,38,2.0,3.0,1.0,1.0
SANDALIA NEOPRENE TRIANON V26,53490,CARAMELO,34,0.0,3.0,0.0,0.0
SANDALIA NEOPRENE TRIANON V26,53499,VERDE,35,3.0,2.0,2.0,0.0
SANDALIA NEOPRENE TRIANON V26,53501,VERDE,37,3.0,1.0,0.0,0.0
SANDALIA NEOPRENE TRIANON V26,53502,VERDE,38,1.0,3.0,1.0,0.0
SAPATO NOBUCK VEG FRANCIS V25,50141,CARAMELO/OFF,36,0.0,3.0,0.0,0.0
SAPATO NOBUCK VEG FRANCIS V25,50142,CARAMELO/OFF,37,0.0,3.0,1.0,1.0
SAPATO NOBUCK VEG FRANCIS V25,50143,CARAMELO/OFF,38,0.0,3.0,1.0,1.0
TENIS COURO PHILLY I26,54408,CARAMELO,37,2.0,1.0,3.0,2.0
TENIS COURO RELAX I25,52613,BRANCO,35,0.0,2.0,3.0,0.0
TENIS COURO RIO I25,52183,OFF WHITE,35,2.0,0.0,3.0,0.0
TENIS NAPA VEG TK2 I26,54443,GELO,36,3.0,0.0,0.0,3.0
TENIS NAPA VEG TK2 I26,54444,GELO,37,3.0,0.0,0.0,3.0
TENIS NAPA VEG TK2 I26,54450,MARROM,36,0.0,3.0,3.0,0.0
TENIS NAPA VEG TK2 I26,54451,MARROM,37,0.0,3.0,3.0,0.0
TENIS VEGGIE KA V26,53405,MARROM,36,2.0,3.0,0.0,1.0
